incident_id,column,original_value,normalized_value,normalization
2026-01-16-f736,industries,"Robots, sensors, and IT hardware | Mobility and autonomous vehicles | Logistics, wholesale, and retail | Agriculture | Business processes and support services | Construction and air conditioning | Consumer products | Consumer services | Digital security | Education and training | Energy, raw materials, and utilities | Environmental services | Financial and insurance services | Food and beverages | Government, security, and defence | Healthcare, drugs, and biotechnology | IT infrastructure and hosting | Logistics, wholesale, and retail | Media, social platforms, and marketing | Mobility and autonomous vehicles | Arts, entertainment, and recreation | Real estate | Robots, sensors, and IT hardware | Travel, leisure, and hospitality | General or personal use | Other","Robots, sensors, and IT hardware | Mobility and autonomous vehicles | Logistics, wholesale, and retail | Agriculture | Business processes and support services | Construction and air conditioning | Consumer products | Consumer services | Digital security | Education and training | Energy, raw materials, and utilities | Environmental services | Financial and insurance services | Food and beverages | Government, security, and defence | Healthcare, drugs, and biotechnology | IT infrastructure and hosting | Media, social platforms, and marketing | Arts, entertainment, and recreation | Real estate | Travel, leisure, and hospitality | General or personal use | Other",duplicate tokens removed; first occurrence order retained
2025-12-01-c177,industries,"Robots, sensors, and IT hardware | Mobility and autonomous vehicles | Robots, sensors, and IT hardware | Logistics, wholesale, and retail","Robots, sensors, and IT hardware | Mobility and autonomous vehicles | Logistics, wholesale, and retail",duplicate tokens removed; first occurrence order retained
2025-05-23-0bd2,industries,"Mobility and autonomous vehicles | Robots, sensors, and IT hardware | Mobility and autonomous vehicles","Mobility and autonomous vehicles | Robots, sensors, and IT hardware",duplicate tokens removed; first occurrence order retained
2025-01-24-2bfa,industries,Mobility and autonomous vehicles | IT infrastructure and hosting | Mobility and autonomous vehicles,Mobility and autonomous vehicles | IT infrastructure and hosting,duplicate tokens removed; first occurrence order retained
2025-01-06-451c,industries,"Real estate | Business processes and support services | Real estate | Government, security, and defence | Real estate","Real estate | Business processes and support services | Government, security, and defence",duplicate tokens removed; first occurrence order retained
2025-01-01-dd97,industries,"Government, security, and defence | Robots, sensors, and IT hardware | Real estate | Digital security | Real estate","Government, security, and defence | Robots, sensors, and IT hardware | Real estate | Digital security",duplicate tokens removed; first occurrence order retained
2024-12-16-01cd,industries,"Government, security, and defence | Robots, sensors, and IT hardware | Mobility and autonomous vehicles | Digital security | Mobility and autonomous vehicles","Government, security, and defence | Robots, sensors, and IT hardware | Mobility and autonomous vehicles | Digital security",duplicate tokens removed; first occurrence order retained
2024-10-30-e2ab,industries,"Mobility and autonomous vehicles | Robots, sensors, and IT hardware | Mobility and autonomous vehicles","Mobility and autonomous vehicles | Robots, sensors, and IT hardware",duplicate tokens removed; first occurrence order retained
2024-10-08-a9a6,industries,"Mobility and autonomous vehicles | Consumer products | Robots, sensors, and IT hardware | Mobility and autonomous vehicles","Mobility and autonomous vehicles | Consumer products | Robots, sensors, and IT hardware",duplicate tokens removed; first occurrence order retained
2024-09-03-24bd,industries,"Mobility and autonomous vehicles | Energy, raw materials, and utilities | Mobility and autonomous vehicles | Logistics, wholesale, and retail | Other","Mobility and autonomous vehicles | Energy, raw materials, and utilities | Logistics, wholesale, and retail | Other",duplicate tokens removed; first occurrence order retained
2024-08-08-0d2e,industries,"Government, security, and defence | Robots, sensors, and IT hardware | Mobility and autonomous vehicles | Robots, sensors, and IT hardware","Government, security, and defence | Robots, sensors, and IT hardware | Mobility and autonomous vehicles",duplicate tokens removed; first occurrence order retained
2024-07-05-ca98,industries,"Media, social platforms, and marketing | Government, security, and defence | Real estate | Digital security | Real estate","Media, social platforms, and marketing | Government, security, and defence | Real estate | Digital security",duplicate tokens removed; first occurrence order retained
2024-05-15-6207,industries,"Mobility and autonomous vehicles | Digital security | Government, security, and defence | IT infrastructure and hosting | Mobility and autonomous vehicles","Mobility and autonomous vehicles | Digital security | Government, security, and defence | IT infrastructure and hosting",duplicate tokens removed; first occurrence order retained
2024-05-13-23f2,industries,Mobility and autonomous vehicles | Consumer products | Mobility and autonomous vehicles,Mobility and autonomous vehicles | Consumer products,duplicate tokens removed; first occurrence order retained
2024-05-07-75b7,industries,"Mobility and autonomous vehicles | Robots, sensors, and IT hardware | Mobility and autonomous vehicles | Other","Mobility and autonomous vehicles | Robots, sensors, and IT hardware | Other",duplicate tokens removed; first occurrence order retained
2024-04-03-2871,industries,"Mobility and autonomous vehicles | Robots, sensors, and IT hardware | Mobility and autonomous vehicles | Logistics, wholesale, and retail | Digital security | Construction and air conditioning | Real estate","Mobility and autonomous vehicles | Robots, sensors, and IT hardware | Logistics, wholesale, and retail | Digital security | Construction and air conditioning | Real estate",duplicate tokens removed; first occurrence order retained
2024-02-22-4720,industries,"Government, security, and defence | Robots, sensors, and IT hardware | Mobility and autonomous vehicles | Robots, sensors, and IT hardware | Mobility and autonomous vehicles | Robots, sensors, and IT hardware | Mobility and autonomous vehicles | Robots, sensors, and IT hardware | Mobility and autonomous vehicles | Robots, sensors, and IT hardware | Mobility and autonomous vehicles | Robots, sensors, and IT hardware | Mobility and autonomous vehicles","Government, security, and defence | Robots, sensors, and IT hardware | Mobility and autonomous vehicles",duplicate tokens removed; first occurrence order retained
2023-06-14-89cd,industries,"Mobility and autonomous vehicles | Robots, sensors, and IT hardware | Mobility and autonomous vehicles | IT infrastructure and hosting | Mobility and autonomous vehicles","Mobility and autonomous vehicles | Robots, sensors, and IT hardware | IT infrastructure and hosting",duplicate tokens removed; first occurrence order retained
2023-04-27-dab1,industries,"Mobility and autonomous vehicles | Logistics, wholesale, and retail | Real estate | Robots, sensors, and IT hardware | Real estate","Mobility and autonomous vehicles | Logistics, wholesale, and retail | Real estate | Robots, sensors, and IT hardware",duplicate tokens removed; first occurrence order retained
2023-04-11-be2f,industries,"Mobility and autonomous vehicles | Robots, sensors, and IT hardware | Mobility and autonomous vehicles | Robots, sensors, and IT hardware | Mobility and autonomous vehicles","Mobility and autonomous vehicles | Robots, sensors, and IT hardware",duplicate tokens removed; first occurrence order retained
2022-07-28-4a99,industries,"Mobility and autonomous vehicles | Logistics, wholesale, and retail | Digital security | Robots, sensors, and IT hardware | Mobility and autonomous vehicles","Mobility and autonomous vehicles | Logistics, wholesale, and retail | Digital security | Robots, sensors, and IT hardware",duplicate tokens removed; first occurrence order retained
2022-04-07-c950,industries,"Mobility and autonomous vehicles | Robots, sensors, and IT hardware | Consumer services | Mobility and autonomous vehicles | Other","Mobility and autonomous vehicles | Robots, sensors, and IT hardware | Consumer services | Other",duplicate tokens removed; first occurrence order retained
2022-02-18-bfc9,industries,"Mobility and autonomous vehicles | Robots, sensors, and IT hardware | Logistics, wholesale, and retail | Energy, raw materials, and utilities | Mobility and autonomous vehicles | Robots, sensors, and IT hardware | Mobility and autonomous vehicles","Mobility and autonomous vehicles | Robots, sensors, and IT hardware | Logistics, wholesale, and retail | Energy, raw materials, and utilities",duplicate tokens removed; first occurrence order retained
