column,missing_count,missing_pct
incident_id,0,0.0
url,0,0.0
title,0,0.0
date,0,0.0
country,2226,12.8559
summary,0,0.0
article_count,0,0.0
ai_principles,718,4.1467
industries,32,0.1848
affected_stakeholders,1546,8.9287
harm_types,1039,6.0006
business_function,7370,42.5643
autonomy_level,4214,24.3373
ai_system_task,750,4.3315
classification_reason,7,0.0404
incident_or_hazard,121,0.6988
collected_at_utc,0,0.0
source_range_start,0,0.0
source_range_end,0,0.0
category_collection_status,0,0.0
category_collection_error,17285,99.8267
