start,end,status,reported_count,parsed_count,html_unique_incident_links,html_matches_parsed,reported_matches_parsed,raw_html_present
1900-01-01,1963-05-16,success,,0,0,True,True,True
1963-05-17,1995-01-21,success,,0,0,True,True,True
1995-01-22,2010-11-25,success,,0,0,True,True,True
2010-11-26,2018-10-27,success,,0,0,True,True,True
2018-10-28,2019-10-24,success,,0,0,True,True,True
2019-10-25,2020-01-23,success,71.0,69,69,True,False,True
2020-01-24,2020-02-15,success,58.0,55,55,True,False,True
2020-02-16,2020-03-08,success,70.0,68,68,True,False,True
2020-03-09,2020-04-22,success,72.0,66,66,True,False,True
2020-04-23,2020-06-07,success,81.0,75,75,True,False,True
2020-06-08,2020-06-30,success,55.0,52,52,True,False,True
2020-07-01,2020-07-22,success,56.0,47,47,True,False,True
2020-07-23,2020-08-14,success,63.0,58,58,True,False,True
2020-08-15,2020-09-05,success,47.0,39,39,True,False,True
2020-09-06,2020-09-28,success,78.0,73,73,True,False,True
2020-09-29,2020-10-20,success,53.0,50,50,True,False,True
2020-10-21,2020-11-12,success,63.0,63,63,True,True,True
2020-11-13,2020-12-05,success,71.0,66,66,True,False,True
2020-12-06,2020-12-28,success,57.0,50,50,True,False,True
2020-12-29,2021-01-19,success,58.0,51,51,True,False,True
2021-01-20,2021-02-11,success,60.0,54,54,True,False,True
2021-02-12,2021-03-05,success,60.0,52,52,True,False,True
2021-03-06,2021-03-28,success,59.0,49,49,True,False,True
2021-03-29,2021-04-19,success,63.0,61,61,True,False,True
2021-04-20,2021-05-12,success,67.0,62,62,True,False,True
2021-05-13,2021-06-04,success,76.0,70,70,True,False,True
2021-06-05,2021-06-27,success,58.0,53,53,True,False,True
2021-06-28,2021-07-08,success,36.0,31,31,True,False,True
2021-07-09,2021-07-19,success,80.0,77,77,True,False,True
2021-07-20,2021-07-25,success,80.0,79,79,True,False,True
2021-07-26,2021-07-31,success,35.0,33,33,True,False,True
2021-08-01,2021-08-11,success,43.0,40,40,True,False,True
2021-08-12,2021-08-22,success,48.0,47,47,True,False,True
2021-08-23,2021-09-02,success,56.0,47,47,True,False,True
2021-09-03,2021-09-14,success,57.0,56,56,True,False,True
2021-09-15,2021-09-25,success,55.0,49,49,True,False,True
2021-09-26,2021-10-17,success,99.0,93,93,True,False,True
2021-10-18,2021-10-29,success,60.0,54,54,True,False,True
2021-10-30,2021-11-09,success,48.0,44,44,True,False,True
2021-11-10,2021-12-02,success,90.0,81,81,True,False,True
2021-12-03,2021-12-14,success,64.0,55,55,True,False,True
2021-12-15,2021-12-25,success,38.0,36,36,True,False,True
2021-12-26,2022-01-16,success,61.0,56,56,True,False,True
2022-01-17,2022-02-08,success,73.0,71,71,True,False,True
2022-02-09,2022-03-02,success,66.0,65,65,True,False,True
2022-03-03,2022-03-25,success,58.0,55,55,True,False,True
2022-03-26,2022-04-16,success,60.0,60,60,True,True,True
2022-04-17,2022-05-09,success,52.0,51,51,True,False,True
2022-05-10,2022-05-31,success,69.0,68,68,True,False,True
2022-06-01,2022-06-23,success,74.0,73,73,True,False,True
2022-06-24,2022-07-15,success,66.0,65,65,True,False,True
2022-07-16,2022-08-07,success,83.0,77,77,True,False,True
2022-08-08,2022-08-29,success,87.0,79,79,True,False,True
2022-08-30,2022-09-21,success,62.0,58,58,True,False,True
2022-09-22,2022-10-13,success,76.0,74,74,True,False,True
2022-10-14,2022-11-05,success,74.0,68,68,True,False,True
2022-11-06,2022-11-28,success,62.0,59,59,True,False,True
2022-11-29,2022-12-21,success,75.0,73,73,True,False,True
2022-12-22,2023-01-12,success,62.0,58,58,True,False,True
2023-01-13,2023-02-04,success,95.0,91,91,True,False,True
2023-02-05,2023-02-26,success,86.0,80,80,True,False,True
2023-02-27,2023-03-10,success,63.0,62,62,True,False,True
2023-03-11,2023-03-21,success,52.0,51,51,True,False,True
2023-03-22,2023-04-01,success,87.0,86,86,True,False,True
2023-04-02,2023-04-12,success,55.0,54,54,True,False,True
2023-04-13,2023-04-24,success,69.0,64,64,True,False,True
2023-04-25,2023-05-05,success,65.0,62,62,True,False,True
2023-05-06,2023-05-17,success,67.0,64,64,True,False,True
2023-05-18,2023-05-28,success,61.0,60,60,True,False,True
2023-05-29,2023-06-09,success,72.0,71,71,True,False,True
2023-06-10,2023-06-20,success,61.0,57,57,True,False,True
2023-06-21,2023-07-01,success,58.0,55,55,True,False,True
2023-07-02,2023-07-12,success,54.0,52,52,True,False,True
2023-07-13,2023-07-24,success,58.0,57,57,True,False,True
2023-07-25,2023-08-04,success,62.0,58,58,True,False,True
2023-08-05,2023-08-15,success,62.0,62,62,True,True,True
2023-08-16,2023-08-26,success,63.0,63,63,True,True,True
2023-08-27,2023-09-07,success,69.0,67,67,True,False,True
2023-09-08,2023-09-18,success,61.0,57,57,True,False,True
2023-09-19,2023-09-29,success,73.0,69,69,True,False,True
2023-09-30,2023-10-10,success,74.0,67,67,True,False,True
2023-10-11,2023-10-22,success,71.0,69,69,True,False,True
2023-10-23,2023-11-02,success,73.0,67,67,True,False,True
2023-11-03,2023-11-14,success,86.0,83,83,True,False,True
2023-11-15,2023-11-25,success,80.0,73,73,True,False,True
2023-11-26,2023-12-07,success,86.0,83,83,True,False,True
2023-12-08,2023-12-18,success,56.0,55,55,True,False,True
2023-12-19,2023-12-29,success,60.0,58,58,True,False,True
2023-12-30,2024-01-09,success,79.0,75,75,True,False,True
2024-01-10,2024-01-21,success,99.0,97,97,True,False,True
2024-01-22,2024-01-27,success,66.0,63,63,True,False,True
2024-01-28,2024-02-01,success,43.0,42,42,True,False,True
2024-02-02,2024-02-12,success,89.0,85,85,True,False,True
2024-02-13,2024-02-23,success,94.0,93,93,True,False,True
2024-02-24,2024-03-06,success,98.0,95,95,True,False,True
2024-03-07,2024-03-17,success,88.0,86,86,True,False,True
2024-03-18,2024-03-28,success,94.0,91,91,True,False,True
2024-03-29,2024-04-08,success,80.0,76,76,True,False,True
2024-04-09,2024-04-20,success,94.0,87,87,True,False,True
2024-04-21,2024-05-01,success,99.0,95,95,True,False,True
2024-05-02,2024-05-12,success,84.0,79,79,True,False,True
2024-05-13,2024-05-18,success,54.0,51,51,True,False,True
2024-05-19,2024-05-23,success,55.0,52,52,True,False,True
2024-05-24,2024-06-04,success,94.0,91,91,True,False,True
2024-06-05,2024-06-15,success,69.0,64,64,True,False,True
2024-06-16,2024-06-26,success,95.0,89,89,True,False,True
2024-06-27,2024-07-07,success,72.0,69,69,True,False,True
2024-07-08,2024-07-19,success,81.0,78,78,True,False,True
2024-07-20,2024-07-30,success,70.0,68,68,True,False,True
2024-07-31,2024-08-10,success,76.0,72,72,True,False,True
2024-08-11,2024-08-21,success,67.0,64,64,True,False,True
2024-08-22,2024-09-02,success,77.0,74,74,True,False,True
2024-09-03,2024-09-13,success,57.0,55,55,True,False,True
2024-09-14,2024-09-24,success,67.0,60,60,True,False,True
2024-09-25,2024-10-05,success,67.0,62,62,True,False,True
2024-10-06,2024-10-17,success,91.0,89,89,True,False,True
2024-10-18,2024-10-28,success,91.0,89,89,True,False,True
2024-10-29,2024-11-09,success,86.0,81,81,True,False,True
2024-11-10,2024-11-20,success,80.0,80,80,True,True,True
2024-11-21,2024-12-02,success,81.0,78,78,True,False,True
2024-12-03,2024-12-13,success,93.0,91,91,True,False,True
2024-12-14,2024-12-24,success,62.0,59,59,True,False,True
2024-12-25,2025-01-04,success,47.0,45,45,True,False,True
2025-01-05,2025-01-10,success,57.0,56,56,True,False,True
2025-01-11,2025-01-16,success,44.0,41,41,True,False,True
2025-01-17,2025-01-27,success,84.0,83,83,True,False,True
2025-01-28,2025-01-30,success,65.0,64,64,True,False,True
2025-01-31,2025-02-02,success,42.0,37,37,True,False,True
2025-02-03,2025-02-07,success,85.0,78,78,True,False,True
2025-02-08,2025-02-13,success,85.0,81,81,True,False,True
2025-02-14,2025-02-18,success,50.0,47,47,True,False,True
2025-02-19,2025-02-24,success,61.0,60,60,True,False,True
2025-02-25,2025-03-02,success,67.0,64,64,True,False,True
2025-03-03,2025-03-08,success,65.0,64,64,True,False,True
2025-03-09,2025-03-13,success,50.0,50,50,True,True,True
2025-03-14,2025-03-24,success,97.0,93,93,True,False,True
2025-03-25,2025-03-30,success,54.0,54,54,True,True,True
2025-03-31,2025-04-04,success,55.0,51,51,True,False,True
2025-04-05,2025-04-10,success,62.0,58,58,True,False,True
2025-04-11,2025-04-16,success,62.0,60,60,True,False,True
2025-04-17,2025-04-22,success,60.0,59,59,True,False,True
2025-04-23,2025-04-27,success,48.0,44,44,True,False,True
2025-04-28,2025-05-03,success,66.0,63,63,True,False,True
2025-05-04,2025-05-09,success,65.0,64,64,True,False,True
2025-05-10,2025-05-15,success,80.0,76,76,True,False,True
2025-05-16,2025-05-20,success,62.0,60,60,True,False,True
2025-05-21,2025-05-26,success,58.0,57,57,True,False,True
2025-05-27,2025-06-01,success,72.0,70,70,True,False,True
2025-06-02,2025-06-07,success,78.0,76,76,True,False,True
2025-06-08,2025-06-12,success,49.0,45,45,True,False,True
2025-06-13,2025-06-18,success,67.0,66,66,True,False,True
2025-06-19,2025-06-23,success,47.0,43,43,True,False,True
2025-06-24,2025-06-29,success,65.0,64,64,True,False,True
2025-06-30,2025-07-04,success,53.0,51,51,True,False,True
2025-07-05,2025-07-10,success,68.0,68,68,True,True,True
2025-07-11,2025-07-16,success,84.0,81,81,True,False,True
2025-07-17,2025-07-22,success,68.0,67,67,True,False,True
2025-07-23,2025-07-27,success,59.0,56,56,True,False,True
2025-07-28,2025-08-02,success,69.0,67,67,True,False,True
2025-08-03,2025-08-07,success,82.0,77,77,True,False,True
2025-08-08,2025-08-13,success,60.0,58,58,True,False,True
2025-08-14,2025-08-18,success,65.0,64,64,True,False,True
2025-08-19,2025-08-24,success,70.0,69,69,True,False,True
2025-08-25,2025-08-30,success,82.0,79,79,True,False,True
2025-08-31,2025-09-05,success,92.0,86,86,True,False,True
2025-09-06,2025-09-10,success,59.0,56,56,True,False,True
2025-09-11,2025-09-16,success,81.0,78,78,True,False,True
2025-09-17,2025-09-21,success,70.0,69,69,True,False,True
2025-09-22,2025-09-27,success,82.0,79,79,True,False,True
2025-09-28,2025-10-02,success,73.0,70,70,True,False,True
2025-10-03,2025-10-08,success,96.0,93,93,True,False,True
2025-10-09,2025-10-14,success,88.0,87,87,True,False,True
2025-10-15,2025-10-20,success,98.0,94,94,True,False,True
2025-10-21,2025-10-25,success,95.0,93,93,True,False,True
2025-10-26,2025-10-28,success,55.0,54,54,True,False,True
2025-10-29,2025-10-31,success,47.0,47,47,True,True,True
2025-11-01,2025-11-06,success,99.0,96,96,True,False,True
2025-11-07,2025-11-12,success,96.0,92,92,True,False,True
2025-11-13,2025-11-17,success,87.0,83,83,True,False,True
2025-11-18,2025-11-23,success,95.0,90,90,True,False,True
2025-11-24,2025-11-26,success,75.0,74,74,True,False,True
2025-11-27,2025-11-29,success,30.0,28,28,True,False,True
2025-11-30,2025-12-02,success,52.0,50,50,True,False,True
2025-12-03,2025-12-05,success,63.0,63,63,True,True,True
2025-12-06,2025-12-10,success,82.0,81,81,True,False,True
2025-12-11,2025-12-16,success,92.0,87,87,True,False,True
2025-12-17,2025-12-21,success,70.0,68,68,True,False,True
2025-12-22,2025-12-27,success,72.0,71,71,True,False,True
2025-12-28,2026-01-01,success,46.0,45,45,True,False,True
2026-01-02,2026-01-07,success,95.0,92,92,True,False,True
2026-01-08,2026-01-10,success,49.0,48,48,True,False,True
2026-01-11,2026-01-13,success,65.0,64,64,True,False,True
2026-01-14,2026-01-16,success,78.0,74,74,True,False,True
2026-01-17,2026-01-19,success,37.0,35,35,True,False,True
2026-01-20,2026-01-24,success,100.0,96,96,True,False,True
2026-01-25,2026-01-27,success,97.0,92,92,True,False,True
2026-01-28,2026-01-30,success,51.0,51,51,True,True,True
2026-01-31,2026-02-02,success,51.0,50,50,True,False,True
2026-02-03,2026-02-04,success,52.0,52,52,True,True,True
2026-02-05,2026-02-07,success,47.0,47,47,True,True,True
2026-02-08,2026-02-10,success,60.0,60,60,True,True,True
2026-02-11,2026-02-15,success,87.0,86,86,True,False,True
2026-02-16,2026-02-18,success,71.0,70,70,True,False,True
2026-02-19,2026-02-21,success,51.0,49,49,True,False,True
2026-02-22,2026-02-24,success,75.0,73,73,True,False,True
2026-02-25,2026-02-27,success,60.0,59,59,True,False,True
2026-02-28,2026-03-02,success,45.0,45,45,True,True,True
2026-03-03,2026-03-05,success,56.0,53,53,True,False,True
2026-03-06,2026-03-08,success,30.0,30,30,True,True,True
2026-03-09,2026-03-10,success,71.0,71,71,True,True,True
2026-03-11,2026-03-13,success,67.0,67,67,True,True,True
2026-03-14,2026-03-16,success,59.0,59,59,True,True,True
2026-03-17,2026-03-21,success,95.0,95,95,True,True,True
2026-03-22,2026-03-24,success,59.0,59,59,True,True,True
2026-03-25,2026-03-27,success,53.0,53,53,True,True,True
2026-03-28,2026-04-01,success,83.0,83,83,True,True,True
2026-04-02,2026-04-07,success,87.0,87,87,True,True,True
2026-04-08,2026-04-13,success,85.0,85,85,True,True,True
2026-04-14,2026-04-16,success,65.0,65,65,True,True,True
2026-04-17,2026-04-19,success,36.0,36,36,True,True,True
2026-04-20,2026-04-22,success,66.0,66,66,True,True,True
2026-04-23,2026-04-24,success,44.0,44,44,True,True,True
2026-04-25,2026-04-30,success,84.0,84,84,True,True,True
2026-05-01,2026-05-05,success,97.0,97,97,True,True,True
2026-05-06,2026-05-08,success,58.0,58,58,True,True,True
2026-05-09,2026-05-11,success,49.0,49,49,True,True,True
2026-05-12,2026-05-14,success,85.0,85,85,True,True,True
2026-05-15,2026-05-16,success,26.0,26,26,True,True,True
2026-05-17,2026-05-19,success,54.0,54,54,True,True,True
2026-05-20,2026-05-22,success,64.0,64,64,True,True,True
2026-05-23,2026-05-25,success,38.0,38,38,True,True,True
2026-05-26,2026-05-28,success,70.0,70,70,True,True,True
2026-05-29,2026-05-31,success,47.0,47,47,True,True,True
2026-06-01,2026-06-03,success,86.0,86,86,True,True,True
2026-06-04,2026-06-08,success,98.0,98,98,True,True,True
2026-06-09,2026-06-11,success,83.0,83,83,True,True,True
2026-06-12,2026-06-14,success,41.0,41,41,True,True,True
2026-06-15,2026-06-17,success,86.0,86,86,True,True,True
2026-06-18,2026-06-19,success,50.0,50,50,True,True,True
2026-06-20,2026-06-22,success,56.0,56,56,True,True,True
2026-06-23,2026-06-25,success,58.0,58,58,True,True,True
2026-06-26,2026-06-30,success,82.0,82,82,True,True,True
2026-07-01,2026-07-06,success,92.0,92,92,True,True,True
2026-07-07,2026-07-12,success,99.0,99,99,True,True,True
2026-07-13,2026-07-15,success,82.0,82,82,True,True,True
2026-07-16,2026-07-18,success,35.0,35,35,True,True,True
2026-07-19,2026-07-21,success,78.0,78,78,True,True,True
2026-07-22,2026-07-23,success,32.0,32,32,True,True,True
2026-07-24,2026-07-26,success,37.0,37,37,True,True,True
2026-07-27,2026-07-29,success,80.0,80,80,True,True,True
2026-07-30,2026-08-03,success,99.0,99,99,True,True,True
2026-08-04,2026-08-06,success,80.0,80,80,True,True,True
2026-08-07,2026-08-09,success,46.0,46,46,True,True,True
2026-08-10,2026-08-12,success,71.0,71,71,True,True,True
2026-08-13,2026-08-14,success,38.0,38,38,True,True,True
2026-08-15,2026-08-17,success,52.0,52,52,True,True,True
2026-08-18,2026-08-20,success,72.0,72,72,True,True,True
2026-08-21,2026-08-23,success,32.0,32,32,True,True,True
2026-08-24,2026-08-26,success,77.0,77,77,True,True,True
2026-08-27,2026-09-01,success,98.0,98,98,True,True,True
2026-09-02,2026-09-06,success,92.0,92,92,True,True,True
2026-09-07,2026-09-09,success,88.0,88,88,True,True,True
2026-09-10,2026-09-12,success,76.0,76,76,True,True,True
2026-09-13,2026-09-15,success,68.0,68,68,True,True,True
2026-09-16,2026-09-17,success,54.0,54,54,True,True,True
2026-09-18,2026-09-20,success,50.0,50,50,True,True,True
2026-09-21,2026-09-23,success,88.0,88,88,True,True,True
2026-09-24,2026-09-28,success,55.0,55,55,True,True,True
